iter	MultiClass
0	0.9656852469
1	0.8583616273
2	0.7780279202
3	0.7027016422
4	0.6390484514
5	0.5937310105
6	0.5470420255
7	0.5046207853
8	0.4662506938
9	0.4362670635
10	0.409773096
11	0.3846149236
12	0.3603853741
13	0.3426200278
14	0.3225923073
15	0.3033127949
16	0.28437858
17	0.2719822255
18	0.2591416959
19	0.2470807219
